{"content":[{"id":"60d42a33","settings":{"content_width":{"unit":"px","size":1340,"sizes":[]}},"elements":[{"id":"3d427f32","settings":{"_column_size":100,"_inline_size":null},"elements":[{"id":"11c9799e","settings":{"rhea_select_search_template":"4658","rhea_top_field_count":"4","advance_search_button_label":"Advance Search","search_button_label":"Search","advance_features_text":"Looking for certain features","rhea_search_buttons_wrapper_margin_tablet":{"unit":"px","top":"60","right":"0","bottom":"0","left":"0","isLinked":false},"search_buttons_alignment_tablet":"space-between","rhea_location_title_1":"Main Location","rhea_location_ph_1":"All Main Locations","location_count_placeholder":"Locations Selected","rhea_location_title_2":"Child Location","rhea_location_ph_2":"All Child Locations","rhea_location_title_3":"Grand Child Location","rhea_location_ph_3":"All Grand Child Locations","rhea_location_title_4":"Great Grand Child Location","rhea_location_ph_4":"All Great Grand Child Locations","rhea_ajax_input_placeholder":"Enter location name","rhea_no_result_matched":"No Location Matched","property_status_label":"Property Status","property_status_placeholder":"All Status","status_count_placeholder":"Status Selected","property_types_label":"Property Types","property_types_placeholder":"All Types","types_count_placeholder":"Types Selected","min_bed_label":"Bedroom","min_bed_placeholder":"All Beds","min_bed_drop_down_value":"1,2,3,4,5,6,7,8,9,10","min_bath_label":"Bathroom","min_bath_placeholder":"All Baths","min_bath_drop_down_value":"1,2,3,4,5,6,7,8,9,10","slider_field_label":"Price","slider_range_label":"Price Range","slider_range_from":"From","slider_range_to":"To","min_price_label":"Min Price","min_price_placeholder":"Min Price","max_price_label":"Max Price","max_price_placeholder":"Max Price","min_price_drop_down_value":"1000,5000,10000,50000,100000,200000,300000,400000,500000,600000,700000,800000,900000,1000000,1500000,2000000,2500000,5000000","max_price_drop_down_value":"5000,10000,50000,100000,200000,300000,400000,500000,600000,700000,800000,900000,1000000,1500000,2000000,2500000,5000000,10000000","min_rent_price_drop_down_value":"500,1000,2000,3000,4000,5000,7500,10000,15000,20000,25000,30000,40000,50000,75000,100000","max_rent_price_drop_down_value":"1000,2000,3000,4000,5000,7500,10000,15000,20000,25000,30000,40000,50000,75000,100000,150000","garages_label":"Garages","garages_placeholder":"All Garages","garages_drop_down_value":"1,2,3,4,5,6,7,8,9,10","agent_label":"Agent","agent_placeholder":"All Agents","agent_count_placeholder":"Agents Selected","agency_label":"Agency","agency_placeholder":"All Agencies","agency_count_placeholder":"Agencies Selected","min_area_label":"Min Area","min_area_placeholder":"Min Area","max_area_label":"Max Area","max_area_placeholder":"Max Area","area_units_placeholder":"(sq ft)","area_units_title_attr":"Only provide digits!","min_lot_size_label":"Min Lot Size","min_lot_size_placeholder":"Min Lot Size","max_lot_size_label":"Max Lot Size","max_lot_size_placeholder":"Max Lot Size","lot_size_units_placeholder":"(sq ft)","lot_size_units_title_attr":"Only provide digits!","keyword_label":"Keyword","keyword_placeholder":"Keyword","property_id_label":"Property ID","property_id_placeholder":"Property ID","additional_field_any_text":"Any","prefix_placeholder":"All","rhea_search_select_sort":"keyword-search,location,status,type,min-max-price,min-beds,min-baths,min-garages,agency,agent,min-max-area,min-max-lot-size,property-id"},"elements":[],"isInner":false,"widgetType":"rhea-ultra-search-form-2-widget","elType":"widget"}],"isInner":false,"elType":"column"}],"isInner":false,"elType":"section"}],"page_settings":[],"version":"0.4","title":"Advance Search Form Inner Pages","type":"page"}