{"content":[{"id":"32fd64bb","settings":[],"elements":[{"id":"3ad2a85a","settings":{"_column_size":100,"_inline_size":null},"elements":[{"id":"78b0f3d5","settings":{"rhea_select_search_template":"4658","rhea_top_field_count":"4","advance_search_button_label":"Advance Search","search_button_label":"Search","advance_features_text":"Looking for certain features","rhea_search_outer_padding":{"unit":"px","top":"0","right":"0","bottom":"60","left":"0","isLinked":false},"rhea_search_buttons_wrapper_margin":{"unit":"px","top":"15","right":"0","bottom":"0","left":"0","isLinked":false},"rhea_location_title_1":"Main Location","rhea_location_ph_1":"All Main Locations","location_count_placeholder":"Locations Selected","rhea_location_title_2":"Child Location","rhea_location_ph_2":"All Child Locations","rhea_location_title_3":"Grand Child Location","rhea_location_ph_3":"All Grand Child Locations","rhea_location_title_4":"Great Grand Child Location","rhea_location_ph_4":"All Great Grand Child Locations","rhea_ajax_input_placeholder":"Enter location name","rhea_no_result_matched":"No Location Matched","property_locations_field_size":{"unit":"%","size":33.33,"sizes":[]},"property_locations_field_size_tablet":{"unit":"%","size":"","sizes":[]},"property_locations_field_size_mobile":{"unit":"%","size":"","sizes":[]},"property_status_label":"Property Status","property_status_placeholder":"All Status","status_count_placeholder":"Status Selected","property_status_field_size":{"unit":"%","size":33.33,"sizes":[]},"property_status_field_size_tablet":{"unit":"%","size":"","sizes":[]},"property_status_field_size_mobile":{"unit":"%","size":"","sizes":[]},"property_types_label":"Property Types","property_types_placeholder":"All Types","types_count_placeholder":"Types Selected","property_types_field_size":{"unit":"%","size":33.33,"sizes":[]},"property_types_field_size_tablet":{"unit":"%","size":"","sizes":[]},"property_types_field_size_mobile":{"unit":"%","size":"","sizes":[]},"min_bed_label":"Bedroom","min_bed_placeholder":"All Beds","min_bed_drop_down_value":"1,2,3,4,5,6,7,8,9,10","min_bed_field_size":{"unit":"%","size":33.33,"sizes":[]},"min_bed_field_size_tablet":{"unit":"%","size":"","sizes":[]},"min_bed_field_size_mobile":{"unit":"%","size":"","sizes":[]},"min_bath_label":"Bathroom","min_bath_placeholder":"All Baths","min_bath_drop_down_value":"1,2,3,4,5,6,7,8,9,10","min_bath_field_size":{"unit":"%","size":33.33,"sizes":[]},"min_bath_field_size_tablet":{"unit":"%","size":"","sizes":[]},"min_bath_field_size_mobile":{"unit":"%","size":"","sizes":[]},"slider_field_label":"Price","slider_range_label":"Price Range","slider_range_from":"From","slider_range_to":"To","slider_price_field_size":{"unit":"%","size":100,"sizes":[]},"slider_price_field_size_tablet":{"unit":"%","size":"","sizes":[]},"slider_price_field_size_mobile":{"unit":"%","size":"","sizes":[]},"min_price_label":"Min Price","min_price_placeholder":"Min Price","max_price_label":"Max Price","max_price_placeholder":"Max Price","min_price_drop_down_value":"1000,5000,10000,50000,100000,200000,300000,400000,500000,600000,700000,800000,900000,1000000,1500000,2000000,2500000,5000000","max_price_drop_down_value":"5000,10000,50000,100000,200000,300000,400000,500000,600000,700000,800000,900000,1000000,1500000,2000000,2500000,5000000,10000000","min_rent_price_drop_down_value":"500,1000,2000,3000,4000,5000,7500,10000,15000,20000,25000,30000,40000,50000,75000,100000","max_rent_price_drop_down_value":"1000,2000,3000,4000,5000,7500,10000,15000,20000,25000,30000,40000,50000,75000,100000,150000","garages_label":"Garages","garages_placeholder":"All Garages","garages_drop_down_value":"1,2,3,4,5,6,7,8,9,10","garages_field_size":{"unit":"%","size":33.33,"sizes":[]},"garages_field_size_tablet":{"unit":"%","size":"","sizes":[]},"garages_field_size_mobile":{"unit":"%","size":"","sizes":[]},"agent_label":"Agent","agent_placeholder":"All Agents","agent_count_placeholder":"Agents Selected","agency_label":"Agency","agency_placeholder":"All Agencies","agency_count_placeholder":"Agencies Selected","min_area_label":"Min Area","min_area_placeholder":"Min Area","max_area_label":"Max Area","max_area_placeholder":"Max Area","area_units_placeholder":"(sq ft)","area_units_title_attr":"Only provide digits!","min_lot_size_label":"Min Lot Size","min_lot_size_placeholder":"Min Lot Size","max_lot_size_label":"Max Lot Size","max_lot_size_placeholder":"Max Lot Size","lot_size_units_placeholder":"(sq ft)","lot_size_units_title_attr":"Only provide digits!","keyword_label":"Keyword","keyword_placeholder":"Keyword","property_id_label":"Property ID","property_id_placeholder":"Property ID","additional_field_any_text":"Any","prefix_placeholder":"All","rhea_search_select_sort":"location,status,type,min-max-price,min-beds,min-baths,min-garages,keyword-search,property-id,min-max-area,min-max-lot-size","type_separator_color":"#FFFFFF","garages_separator_color":"#FFFFFF","max_lot_separator_color":"#FFFFFF","keyword_field_size":{"unit":"%","size":50,"sizes":[]},"keyword_field_size_tablet":{"unit":"%","size":"","sizes":[]},"keyword_field_size_mobile":{"unit":"%","size":"","sizes":[]},"property_id_field_size":{"unit":"%","size":50,"sizes":[]},"property_id_field_size_tablet":{"unit":"%","size":"","sizes":[]},"property_id_field_size_mobile":{"unit":"%","size":"","sizes":[]},"prop_id_separator_color":"#FFFFFF"},"elements":[],"isInner":false,"widgetType":"rhea-ultra-search-form-widget","elType":"widget"}],"isInner":false,"elType":"column"}],"isInner":false,"elType":"section"}],"page_settings":[],"version":"0.4","title":"Advance Search Form Half Map","type":"page"}