{"content":[{"id":"5b9fcad5","settings":{"layout":"full_width","gap":"no","content_position":"middle","structure":"20","border_color":"#F0F0F0","border_radius_tablet":{"unit":"px","top":"0","right":"0","bottom":"0","left":"0","isLinked":""}},"elements":[{"id":"784811b7","settings":{"_column_size":"50","_inline_size":"50","padding":{"unit":"px","top":"16","right":"140","bottom":"16","left":"0","isLinked":""},"padding_laptop":{"unit":"px","top":"20","right":"20","bottom":"20","left":"20","isLinked":""},"_inline_size_laptop":"45","_inline_size_tablet":"100","_inline_size_widescreen":"50","border_border":"solid","border_width":{"unit":"px","top":"0","right":"0","bottom":"0","left":"0","isLinked":"1"},"border_width_widescreen":{"unit":"px","top":"0","right":"0","bottom":"0","left":"0","isLinked":"1"},"border_width_tablet":{"unit":"px","top":"1","right":"0","bottom":"0","left":"0","isLinked":""},"border_color":"#F0F0F0","border_radius_tablet":{"unit":"px","top":"0","right":"0","bottom":"0","left":"0","isLinked":""},"padding_tablet_extra":{"unit":"px","top":"20","right":"20","bottom":"40","left":"20","isLinked":""},"padding_tablet":{"unit":"px","top":"40","right":"20","bottom":"40","left":"20","isLinked":""}},"elements":[{"id":"1288e59b","settings":{"title":"Find Your Sweet Home","align":"right","title_color":"#1DB2FF","typography_typography":"custom","typography_font_family":"DM Sans","typography_font_size":{"unit":"px","size":"40","sizes":[]},"typography_font_weight":"bold","typography_font_size_tablet_extra":{"unit":"px","size":"34","sizes":[]},"typography_font_size_tablet":{"unit":"px","size":"30","sizes":[]},"_padding":{"unit":"px","top":"0","right":"0","bottom":"40","left":"0","isLinked":""},"align_tablet_extra":"center","_padding_tablet_extra":{"unit":"px","top":"0","right":"0","bottom":"0","left":"0","isLinked":""},"typography_font_size_laptop":{"unit":"px","size":"34","sizes":[]},"_padding_laptop":{"unit":"px","top":"0","right":"62","bottom":"40","left":"0","isLinked":""}},"elements":[],"isInner":false,"widgetType":"heading","elType":"widget"}],"isInner":"","elType":"column"},{"id":"4e50adab","settings":{"_column_size":"50","_inline_size":"50","background_background":"classic","background_color":"#E7F6FD","border_border":"solid","border_width":{"unit":"px","top":"1","right":"1","bottom":"1","left":"1","isLinked":"1"},"border_color":"#02010100","border_radius":{"unit":"px","top":"25","right":"0","bottom":"0","left":"0","isLinked":""},"padding":{"unit":"px","top":"21","right":"0","bottom":"21","left":"100","isLinked":""},"padding_laptop":{"unit":"px","top":"20","right":"10","bottom":"20","left":"20","isLinked":""},"padding_tablet":{"unit":"px","top":"30","right":"10","bottom":"30","left":"10","isLinked":""},"_inline_size_laptop":"60","_inline_size_tablet":"100","border_radius_tablet":{"unit":"px","top":"0","right":"0","bottom":"0","left":"0","isLinked":""},"_inline_size_widescreen":"50"},"elements":[{"id":"458ac8f9","settings":{"layout":"full_width","content_position":"middle","text_align":"center"},"elements":[{"id":"78ece45","settings":{"_column_size":"100","_inline_size_tablet_extra":"100","padding_laptop":{"unit":"px","top":"0","right":"0","bottom":"0","left":"62","isLinked":""},"content_position_tablet":"center","content_position_mobile":"center","align_tablet_extra":"space-between","align_tablet":"space-evenly","align_mobile":"space-evenly","padding_tablet_extra":{"unit":"px","top":"0","right":"0","bottom":"0","left":"0","isLinked":""}},"elements":[{"id":"106b987e","settings":{"title":"Need Help To Choose Your Property","typography_typography":"custom","typography_font_family":"DM Sans","typography_font_size":{"unit":"px","size":"24","sizes":[]},"typography_font_weight":"bold","_element_width":"auto","align_tablet_extra":"left","typography_font_size_tablet_extra":{"unit":"px","size":"20","sizes":[]},"_margin_tablet_extra":{"unit":"px","top":"0","right":"0","bottom":"0","left":"0","isLinked":""},"_margin_tablet":{"unit":"px","top":"0","right":"0","bottom":"0","left":"0","isLinked":""},"_element_custom_width_tablet_extra":{"unit":"px","size":"1000","sizes":[]},"_element_vertical_align_tablet_extra":"center","title_color":"#1A1A1A","typography_font_size_laptop":{"unit":"px","size":"22","sizes":[]},"align_mobile":"center","typography_line_height_mobile":{"unit":"em","size":"1.2","sizes":[]},"_margin_mobile":{"unit":"px","top":"20","right":"0","bottom":"20","left":"0","isLinked":""}},"elements":[],"isInner":false,"widgetType":"heading","elType":"widget"},{"id":"15223814","settings":{"text":"Let Us Call You!","typography_typography":"custom","typography_font_family":"DM Sans","typography_font_size":{"unit":"px","size":"15","sizes":[]},"typography_font_weight":"bold","background_color":"#1DB2FF","hover_color":"#1DB2FF","button_background_hover_color":"#FFFFFF00","button_hover_border_color":"#1DB2FF","border_border":"solid","border_width":{"unit":"px","top":"2","right":"2","bottom":"2","left":"2","isLinked":"1"},"border_color":"#1DB2FF","border_radius":{"unit":"px","top":"30","right":"30","bottom":"30","left":"30","isLinked":"1"},"text_padding":{"unit":"px","top":"11","right":"23","bottom":"11","left":"23","isLinked":""},"_margin":{"unit":"px","top":"0","right":"0","bottom":"0","left":"30","isLinked":""},"_element_width":"auto","align_tablet_extra":"center","text_padding_tablet_extra":{"unit":"px","top":"15","right":"20","bottom":"15","left":"20","isLinked":""},"_element_custom_width_tablet_extra":{"unit":"px","size":"1000","sizes":[]},"text_padding_laptop":{"unit":"px","top":"15","right":"20","bottom":"15","left":"20","isLinked":""},"_padding":{"unit":"px","top":"10","right":"0","bottom":"10","left":"0","isLinked":""},"_margin_tablet_extra":{"unit":"px","top":"0","right":"0","bottom":"0","left":"0","isLinked":""},"_padding_tablet":{"unit":"px","top":"0","right":"0","bottom":"0","left":"0","isLinked":""},"_margin_mobile":{"unit":"px","top":"0","right":"10","bottom":"0","left":"10","isLinked":""}},"elements":[],"isInner":false,"widgetType":"button","elType":"widget"}],"isInner":"1","elType":"column"}],"isInner":"1","elType":"section"}],"isInner":"","elType":"column"}],"isInner":"","elType":"section"},{"id":"2faa0baf","settings":{"gap":"no","background_background":"classic","padding_tablet":{"unit":"px","top":"40","right":"40","bottom":"70","left":"40","isLinked":""},"padding_mobile":{"unit":"px","top":"20","right":"20","bottom":"50","left":"20","isLinked":""}},"elements":[{"id":"62bdaea3","settings":{"_column_size":"100","space_between_widgets":"0"},"elements":[{"id":"45c78dd5","settings":{"rhea_top_field_count":"5","search_button_label":"Search","advance_features_text":"Looking for certain features","rhea_search_outer_padding":{"unit":"px","top":"","right":"","bottom":"","left":"","isLinked":""},"rhea_location_title_1":"Main Location","rhea_location_ph_1":"All Main Locations","location_count_placeholder":"Locations Selected","rhea_location_title_2":"Child Location","rhea_location_ph_2":"All Child Locations","rhea_location_title_3":"Grand Child Location","rhea_location_ph_3":"All Grand Child Locations","rhea_location_title_4":"Great Grand Child Location","rhea_location_ph_4":"All Great Grand Child Locations","rhea_ajax_input_placeholder":"Enter location name","rhea_no_result_matched":"No Location Matched","property_status_label":"Property Status","property_status_placeholder":"All ","status_count_placeholder":"Status Selected","property_types_label":"Property Types","property_types_placeholder":"All Types","types_count_placeholder":"Types Selected","min_bed_label":"Bedroom","min_bed_placeholder":"All Beds","min_bed_drop_down_value":"1,2,3,4,5,6,7,8,9,10","min_bath_label":"Bathroom","min_bath_placeholder":"All Baths","min_bath_drop_down_value":"1,2,3,4,5,6,7,8,9,10","slider_range_label":"Price Range","slider_range_from":"From","slider_range_to":"To","min_price_label":"Min Price","min_price_placeholder":"Min Price","max_price_label":"Max Price","max_price_placeholder":"Max Price","min_price_drop_down_value":"1000,5000,10000,50000,100000,200000,300000,400000,500000,600000,700000,800000,900000,1000000,1500000,2000000,2500000,5000000","max_price_drop_down_value":"5000,10000,50000,100000,200000,300000,400000,500000,600000,700000,800000,900000,1000000,1500000,2000000,2500000,5000000,10000000","min_rent_price_drop_down_value":"500,1000,2000,3000,4000,5000,7500,10000,15000,20000,25000,30000,40000,50000,75000,100000","max_rent_price_drop_down_value":"1000,2000,3000,4000,5000,7500,10000,15000,20000,25000,30000,40000,50000,75000,100000,150000","garages_label":"Garages","garages_placeholder":"All Garages","garages_drop_down_value":"1,2,3,4,5,6,7,8,9,10","agent_label":"Agent","agent_placeholder":"All Agents","agent_count_placeholder":"Agents Selected","min_area_label":"Min Area","min_area_placeholder":"Min Area","max_area_label":"Max Area","max_area_placeholder":"Max Area","area_units_placeholder":"(sq ft)","area_units_title_attr":"Only provide digits!","keyword_label":"Keyword","keyword_placeholder":"Keyword","property_id_label":"Property ID","property_id_placeholder":"Property ID","additional_field_any_text":"Any","prefix_placeholder":"All","rhea_search_select_sort":"keyword-search,status,location,type,min-beds,min-max-price,min-baths,min-garages,agent,min-max-area,property-id","show_status_in_tabs":"yes","status_tabs_display_location":"fields","property_status_field_size":{"unit":"%","size":"50","sizes":[]},"property_status_field_size_tablet":{"unit":"%","size":"","sizes":[]},"property_status_field_size_mobile":{"unit":"%","size":"100","sizes":[]},"min_lot_size_label":"Min Lot Size","min_lot_size_placeholder":"Min Lot Size","max_lot_size_label":"Max Lot Size","max_lot_size_placeholder":"Max Lot Size","lot_size_units_placeholder":"(sq ft)","lot_size_units_title_attr":"Only provide digits!","keyword_field_size":{"unit":"%","size":"50","sizes":[]},"keyword_field_size_tablet":{"unit":"%","size":"","sizes":[]},"keyword_field_size_mobile":{"unit":"%","size":"100","sizes":[]},"property_locations_field_size":{"unit":"%","size":"33.33","sizes":[]},"property_locations_field_size_tablet":{"unit":"%","size":"","sizes":[]},"property_locations_field_size_mobile":{"unit":"%","size":"100","sizes":[]},"status_separator_color":"#02010100","property_types_field_size":{"unit":"%","size":"33.33","sizes":[]},"property_types_field_size_tablet":{"unit":"%","size":"","sizes":[]},"property_types_field_size_mobile":{"unit":"%","size":"100","sizes":[]},"min_bed_field_size":{"unit":"%","size":"33.33","sizes":[]},"min_bed_field_size_tablet":{"unit":"%","size":"","sizes":[]},"min_bed_field_size_mobile":{"unit":"%","size":"100","sizes":[]},"beds_separator_color":"#02010100","min_bath_field_size":{"unit":"%","size":"33.33","sizes":[]},"min_bath_field_size_tablet":{"unit":"%","size":"","sizes":[]},"min_bath_field_size_mobile":{"unit":"%","size":"100","sizes":[]},"slider_price_field_size":{"unit":"%","size":"100","sizes":[]},"slider_price_field_size_tablet":{"unit":"%","size":"","sizes":[]},"slider_price_field_size_mobile":{"unit":"%","size":"100","sizes":[]},"min_price_field_size":{"unit":"%","size":"33.33","sizes":[]},"min_price_field_size_tablet":{"unit":"%","size":"","sizes":[]},"min_price_field_size_mobile":{"unit":"%","size":"","sizes":[]},"max_price_field_size":{"unit":"%","size":"33.33","sizes":[]},"max_price_field_size_tablet":{"unit":"%","size":"","sizes":[]},"max_price_field_size_mobile":{"unit":"%","size":"","sizes":[]},"garages_field_size":{"unit":"%","size":"33.33","sizes":[]},"garages_field_size_tablet":{"unit":"%","size":"","sizes":[]},"garages_field_size_mobile":{"unit":"%","size":"100","sizes":[]},"agent_field_size":{"unit":"%","size":"33.33","sizes":[]},"agent_field_size_tablet":{"unit":"%","size":"","sizes":[]},"agent_field_size_mobile":{"unit":"%","size":"100","sizes":[]},"agents_separator_color":"#02010100","min_area_field_size":{"unit":"%","size":"33.33","sizes":[]},"min_area_field_size_tablet":{"unit":"%","size":"","sizes":[]},"min_area_field_size_mobile":{"unit":"%","size":"100","sizes":[]},"max_area_field_size":{"unit":"%","size":"33.33","sizes":[]},"max_area_field_size_tablet":{"unit":"%","size":"","sizes":[]},"max_area_field_size_mobile":{"unit":"%","size":"100","sizes":[]},"property_id_field_size":{"unit":"%","size":"33.33","sizes":[]},"property_id_field_size_tablet":{"unit":"%","size":"","sizes":[]},"property_id_field_size_mobile":{"unit":"%","size":"100","sizes":[]},"prop_id_separator_color":"#02010100","_offset_x":{"size":"-1","unit":"px"},"_offset_y":{"size":"-1","unit":"px"},"_element_custom_width_widescreen":{"unit":"px","size":"823.81"},"_element_custom_width_laptop":{"unit":"px","size":""},"_offset_x_laptop":{"size":"0","unit":"px"},"_offset_y_laptop":{"size":"-1","unit":"px"},"_offset_y_tablet":{"unit":"px","size":"0","sizes":[]},"advance_search_button_label":"Advance Search","rhea_select_position_widescreen":"absolute","rhea_select_position":"absolute","form-max-width":{"unit":"px","size":"770","sizes":[]},"rhea_select_position_tablet":"relative","position_top_bottom":"top","position-from-top":{"unit":"px","size":"-25","sizes":[]},"position-from-top_tablet":{"unit":"px","size":"0","sizes":[]},"form-max-width_tablet":{"unit":"%","size":"100","sizes":[]},"form-max-width_mobile":{"unit":"%","size":"","sizes":[]},"_border_radius_tablet":{"unit":"px","top":"0","right":"0","bottom":"0","left":"0","isLinked":"1"},"property_status_field_size_mobile_extra":{"unit":"%","size":"60","sizes":[]},"min_lot_size_field_size_mobile":{"unit":"%","size":"100","sizes":[]},"max_lot_size_field_size_mobile":{"unit":"%","size":"100","sizes":[]},"keyword_field_size_mobile_extra":{"unit":"%","size":"40","sizes":[]},"location_field_separator_color_mobile":"#FFFFFF00","type_separator_color_mobile":"#02010100","baths_separator_color_mobile":"#02010100","garages_separator_color_mobile":"#02010100","keyword_separator_color_mobile":"#02010100","rhea_search_form_border_radius_tablet":{"unit":"px","top":"25","right":"25","bottom":"25","left":"25","isLinked":"1"},"slider_field_label":"Price","price_range_on_top":"yes","show_keyword_icon":"yes","enable_ajax_search":"yes","_padding_tablet_extra":{"unit":"px","top":"0","right":"20","bottom":"0","left":"20","isLinked":""},"_padding_tablet":{"unit":"px","top":"0","right":"0","bottom":"0","left":"0","isLinked":"1"},"min_area_separator_color_mobile":"#02010100","max_area_separator_color_mobile":"#02010100","fields_search_button_typography_typography":"custom","fields_search_button_typography_font_weight":"700","more_features_button_typography_font_size_mobile":{"unit":"px","size":"12","sizes":[]},"more_features_button_typography_font_weight":"700","more_features_fields_typography_typography":"custom","more_features_fields_typography_font_weight":"500","rhea_select_search_template":"4658","search_buttons_alignment_mobile_extra":"space-between","search_buttons_alignment_mobile":"space-between","agency_label":"Agency","agency_placeholder":"All Agencies","agency_count_placeholder":"Agencies Selected"},"elements":[],"isInner":false,"widgetType":"rhea-ultra-search-form-widget","elType":"widget"}],"isInner":"","elType":"column"}],"isInner":"","elType":"section"},{"id":"12541121","settings":{"layout":"full_width","gap":"no","z_index":"9","margin":{"unit":"px","top":"-1","right":"0","bottom":"0","left":"0","isLinked":""}},"elements":[{"id":"372b043d","settings":{"_column_size":"100"},"elements":[{"id":"56270580","settings":{"properties_list":[{"_id":"8420b73","property_id":"42","property_image":{"id":"154","url":"https:\/\/ultra.realhomes.io\/wp-content\/uploads\/2022\/11\/spacejoy-4xRP0Ajk9ys-unsplash.jpg"}},{"_id":"d990a19","property_id":"87"},{"property_id":"94","_id":"2d4c3a3"}],"rhea_add_meta_select":[{"rhea_property_meta_display":"bedrooms","rhea_meta_repeater_label":"Bedrooms","_id":"43d4b89"},{"rhea_property_meta_display":"bathrooms","rhea_meta_repeater_label":"Bathrooms","_id":"993437e"},{"rhea_property_meta_display":"area","rhea_meta_repeater_label":"Area","_id":"6148d37"}],"ere_property_featured_label":"Featured","ere_property_build_label":" Build ","property_title_typography_typography":"custom","property_title_typography_font_family":"DM Sans","property_title_typography_font_weight":"600","property_year_typography_typography":"custom","property_year_typography_font_family":"DM Sans","property_year_typography_font_weight":"600","property_meta_title_typography_typography":"custom","property_meta_title_typography_font_family":"DM Sans","property_meta_title_typography_font_weight":"600","property_meta_value_typography_typography":"custom","property_meta_value_typography_font_family":"DM Sans","property_meta_value_typography_font_weight":"600","property_area_postfix_typography_typography":"custom","property_area_postfix_typography_font_family":"DM Sans","property_area_postfix_typography_font_weight":"600","property_status_typography_typography":"custom","property_status_typography_font_family":"DM Sans","property_status_typography_font_weight":"600","property_price_typography_typography":"custom","property_price_typography_font_family":"DM Sans","property_price_typography_font_weight":"600","property_price_prefix_typography_typography":"custom","property_price_prefix_typography_font_family":"DM Sans","property_price_prefix_typography_font_weight":"600","property_price_postfix_typography_typography":"custom","property_price_postfix_typography_font_family":"DM Sans","property_price_postfix_typography_font_weight":"600","slider_min_height_tablet":{"unit":"px","size":"430","sizes":[]},"slider_min_height_mobile":{"unit":"px","size":"500","sizes":[]},"slider_min_height":{"unit":"px","size":780,"sizes":[]},"slider_min_height_laptop":{"unit":"px","size":680,"sizes":[]}},"elements":[],"isInner":false,"widgetType":"rhea-ultra-main-properties-slider","elType":"widget"}],"isInner":"","elType":"column"}],"isInner":"","elType":"section"},{"id":"1e109d5e","settings":{"content_width":{"unit":"px","size":"1300","sizes":[]},"padding":{"unit":"px","top":"150","right":"0","bottom":"100","left":"0","isLinked":""},"padding_tablet":{"unit":"px","top":"80","right":"0","bottom":"80","left":"0","isLinked":""}},"elements":[{"id":"32d56e8b","settings":{"_column_size":"100","padding_laptop":{"unit":"px","top":"0","right":"20","bottom":"0","left":"20","isLinked":""},"space_between_widgets":"10"},"elements":[{"id":"72847304","settings":{"title":"Discover Latest Properties","title_color":"#1A1A1A","typography_typography":"custom","typography_font_family":"DM Sans","typography_font_size":{"unit":"px","size":"30","sizes":[]},"typography_font_weight":"bold","typography_line_height_tablet":{"unit":"px","size":"","sizes":[]},"typography_line_height_mobile":{"unit":"px","size":"","sizes":[]},"_margin":{"unit":"px","top":"0","right":"0","bottom":"0","left":"0","isLinked":""}},"elements":[],"isInner":false,"widgetType":"heading","elType":"widget"},{"id":"392044c5","settings":{"title":"Newest Properties Around You","header_size":"p","title_color":"#808080","typography_typography":"custom","typography_font_family":"DM Sans","typography_font_size":{"unit":"px","size":"16","sizes":[]},"typography_font_weight":"400","_margin":{"unit":"px","top":"0","right":"0","bottom":"15","left":"0","isLinked":""}},"elements":[],"isInner":false,"widgetType":"heading","elType":"widget"},{"id":"6adf1dae","settings":{"rhea_add_meta_select":[{"rhea_property_meta_display":"bedrooms","rhea_meta_repeater_label":"Bedrooms","_id":"f809b7c"},{"rhea_property_meta_display":"bathrooms","rhea_meta_repeater_label":"Bathrooms","_id":"4621721"},{"rhea_property_meta_display":"area","rhea_meta_repeater_label":"Area","_id":"58e2bfc"}],"ere_property_featured_label":"Featured","ere_property_fav_label":"Add To Favourite","ere_property_fav_added_label":"Added To Favourite","ere_property_compare_label":"Add To Compare","ere_property_compare_added_label":"Added To Compare","_margin":{"unit":"px","top":"30","right":"0","bottom":"0","left":"0","isLinked":""}},"elements":[],"isInner":false,"widgetType":"rhea-ultra-properties-widget-1","elType":"widget"}],"isInner":"","elType":"column"}],"isInner":"","elType":"section"},{"id":"5cf446cd","settings":{"content_width":{"unit":"px","size":"1280","sizes":[]},"gap":"no","stretch_section":"section-stretched","background_background":"classic","background_color":"#E7F6FD","padding":{"unit":"px","top":"125","right":"0","bottom":"125","left":"0","isLinked":""},"padding_laptop":{"unit":"px","top":"100","right":"20","bottom":"100","left":"20","isLinked":""},"padding_tablet":{"unit":"px","top":"80","right":"20","bottom":"80","left":"20","isLinked":""}},"elements":[{"id":"1c1a6f69","settings":{"_column_size":"100"},"elements":[{"id":"4067a877","settings":{"space":{"unit":"px","size":"38","sizes":[]},"_background_background":"classic","_background_color":"#1DB2FF","_border_radius":{"unit":"px","top":"5","right":"5","bottom":"5","left":"5","isLinked":"1"},"_element_width":"initial","_element_custom_width":{"unit":"px","size":"56","sizes":[]},"_position":"absolute","_offset_x":{"unit":"%","size":"68","sizes":[]},"_offset_orientation_v":"end","_offset_y":{"unit":"px","size":"225","sizes":[]},"_offset_y_end":{"unit":"px","size":"10","sizes":[]},"_offset_x_end":{"unit":"%","size":"","sizes":[]},"_offset_x_tablet":{"unit":"px","size":"662","sizes":[]},"_offset_x_mobile_extra":{"unit":"px","size":"514","sizes":[]},"_offset_y_end_tablet":{"unit":"px","size":"-25","sizes":[]},"_offset_y_end_mobile_extra":{"unit":"px","size":"359","sizes":[]},"_z_index_tablet_extra":"99","_z_index_mobile_extra":"999","hide_mobile":"hidden-mobile"},"elements":[],"isInner":false,"widgetType":"spacer","elType":"widget"},{"id":"7a542079","settings":{"space":{"unit":"px","size":"250","sizes":[]},"_css_classes":"rhea-ultra-dots-class","_background_background":"gradient","_background_color":"#BAE8FF","_background_color_stop":{"unit":"%","size":"20","sizes":[]},"_background_color_b":"#F2295B00","_background_color_b_stop":{"unit":"%","size":"20","sizes":[]},"_background_gradient_type":"radial","_element_width":"initial","_element_custom_width":{"unit":"px","size":"250","sizes":[]},"_z_index":"5","_position":"absolute","_offset_x":{"size":"52","unit":"%"},"_offset_orientation_v":"end","_offset_y_end":{"size":"66","unit":"px"},"hide_mobile":"hidden-mobile","space_tablet_extra":{"unit":"px","size":"150","sizes":[]},"space_mobile_extra":{"unit":"px","size":"150","sizes":[]},"_element_custom_width_tablet_extra":{"unit":"px","size":"150","sizes":[]},"_element_custom_width_mobile_extra":{"unit":"px","size":"150","sizes":[]},"_offset_x_tablet_extra":{"unit":"px","size":"689","sizes":[]},"_offset_x_mobile_extra":{"unit":"px","size":"532","sizes":[]},"_offset_y_end_tablet_extra":{"unit":"px","size":"-4","sizes":[]},"_offset_y_end_mobile_extra":{"unit":"px","size":"232","sizes":[]}},"elements":[],"isInner":false,"widgetType":"spacer","elType":"widget"},{"id":"7be41635","settings":{"space":{"unit":"px","size":"85","sizes":[]},"_background_background":"classic","_background_color":"#F3FBFE","_border_radius":{"unit":"px","top":"5","right":"5","bottom":"5","left":"5","isLinked":"1"},"_element_width":"initial","_element_custom_width":{"unit":"px","size":"130","sizes":[]},"_position":"absolute","_offset_x":{"size":"68","unit":"%"},"_offset_y":{"unit":"px","size":"92","sizes":[]},"_offset_y_end":{"size":"142","unit":"px"},"_z_index":"1","_offset_orientation_v":"end","_offset_x_tablet":{"unit":"px","size":"618","sizes":[]},"_offset_x_mobile_extra":{"unit":"px","size":"636","sizes":[]},"_offset_y_end_tablet":{"unit":"px","size":"63","sizes":[]},"_offset_y_end_mobile_extra":{"unit":"px","size":"230","sizes":[]},"hide_mobile":"hidden-mobile"},"elements":[],"isInner":false,"widgetType":"spacer","elType":"widget"},{"id":"6dbbc7ae","settings":{"ere_property_featured_label":"Featured","property_build_label":"Build","ere_property_fav_label":"Add To Favourite","ere_property_fav_added_label":"Added To Favourite","ere_property_compare_label":"Add To Compare","ere_property_compare_added_label":"Added To Compare","rhea_add_meta_select":[{"rhea_property_meta_display":"bedrooms","rhea_meta_repeater_label":"Bedrooms","_id":"6a12aae"},{"rhea_property_meta_display":"bathrooms","rhea_meta_repeater_label":"Bathrooms","_id":"1b983bb"},{"rhea_property_meta_display":"area","rhea_meta_repeater_label":"Area","_id":"ee455d3"}],"_z_index":"99","property_top_tags_typography_typography":"custom","property_top_tags_typography_font_weight":"700","build_typography_typography":"custom","build_typography_font_weight":"700","title_typography_typography":"custom","title_typography_font_weight":"700","address_typography_typography":"custom","address_typography_font_weight":"500","property_price_prefix_typography_typography":"custom","property_price_prefix_typography_font_weight":"400","property_price_typography_typography":"custom","property_price_typography_font_weight":"700","property_old_price_typography_typography":"custom","property_old_price_typography_font_weight":"400","property_price_postfix_typography_typography":"custom","property_price_postfix_typography_font_weight":"400","excerpt_typography_typography":"custom","excerpt_typography_font_size":{"unit":"px","size":"15","sizes":[]},"excerpt_typography_font_weight":"400","slides_counter_typography_typography":"custom","slides_counter_typography_font_weight":"700","slides_more_typography_typography":"custom","slides_more_typography_font_weight":"500","address_image":{"id":"155","url":"https:\/\/ultra.realhomes.io\/wp-content\/uploads\/2022\/11\/placeholder.png"}},"elements":[],"isInner":false,"widgetType":"rhea-ultra-featured-properties","elType":"widget"}],"isInner":"","elType":"column"}],"isInner":"","elType":"section"},{"id":"4aef0419","settings":{"content_width":{"unit":"px","size":"1087","sizes":[]},"gap":"no","stretch_section":"section-stretched","background_background":"classic","background_color":"#FFFFFF","padding":{"unit":"px","top":"160","right":"0","bottom":"140","left":"0","isLinked":""},"padding_tablet_extra":{"unit":"px","top":"100","right":"20","bottom":"100","left":"20","isLinked":""},"padding_tablet":{"unit":"px","top":"80","right":"20","bottom":"80","left":"20","isLinked":""}},"elements":[{"id":"39c43dfc","settings":{"_column_size":"100","text_align_tablet":"center"},"elements":[{"id":"374314eb","settings":{"title":"\u2018","header_size":"div","align":"center","title_color":"#1DB2FF0F","typography_typography":"custom","typography_font_family":"Arial","typography_font_size":{"unit":"px","size":"362","sizes":[]},"typography_font_weight":"bold","typography_line_height":{"unit":"em","size":"0.9","sizes":[]},"_element_width":"auto","_position":"absolute","_offset_x":{"size":"-94","unit":"px"},"_offset_y":{"size":"-47","unit":"px"}},"elements":[],"isInner":false,"widgetType":"heading","elType":"widget"},{"id":"1027e20d","settings":{"title":"Customers Loves Us","align":"center","title_color":"#1A1A1A","typography_typography":"custom","typography_font_size":{"unit":"px","size":"36","sizes":[]},"typography_font_weight":"700","_margin":{"unit":"px","top":"0","right":"0","bottom":"20","left":"-135","isLinked":""},"_margin_tablet":{"unit":"px","top":"0","right":"0","bottom":"20","left":"0","isLinked":""}},"elements":[],"isInner":false,"widgetType":"heading","elType":"widget"},{"id":"256b7e42","settings":{"rhea_testimonials":[{"rhea_testimonial_author":"Jhon Doe","rhea_testimonial_text_strong":"This is genuinely the best theme I have ever bought in terms of super easy &amp; clear instructions to follow.","rhea_testimonial_text":"I have been a web designer for over 18 years now. The theme is fantastic, flexible and simply excellent to use. I cannot recommend enough!","_id":"8803443","rhea_testimonial_author_thumb":{"id":"156","url":"https:\/\/ultra.realhomes.io\/wp-content\/uploads\/2022\/11\/hannah-nicollet-JQ2D4I-2eyw-unsplash.jpg"},"rhea_testimonial_author_designation":"Themeforest User"},{"rhea_testimonial_author":"Daisybee","rhea_testimonial_text_strong":"Lorem ipsum dolor sit amet, consectetur adipiscing elit, sed do eiusmod tempor incididunt ut labore ets.","rhea_testimonial_text":"Lorem ipsum dolor sit amet, consectetur adipiscing elit, sed do eiusmod tempor incididunt ut labore et dores.","_id":"ec79674","rhea_testimonial_author_thumb":{"id":"157","url":"https:\/\/ultra.realhomes.io\/wp-content\/uploads\/2022\/11\/evan-wise-eJ0UGX8da2c-unsplash-scaled-e1643292191353.jpg"},"rhea_testimonial_author_designation":"Themeforest User"},{"rhea_testimonial_author":"Maria B","rhea_testimonial_text_strong":"Lorem ipsum dolor sit amet, consectetur adipiscing elit, sed do eiusmod tempor incididunt ut labore ets.","rhea_testimonial_text":"Lorem ipsum dolor sit amet, consectetur adipiscing elit, sed do eiusmod tempor incididunt ut labore et dores.","rhea_testimonial_author_thumb":{"id":"158","url":"https:\/\/ultra.realhomes.io\/wp-content\/uploads\/2022\/11\/pexels-nelly-aran-1066331.jpg"},"_id":"14e8bee","rhea_testimonial_author_designation":"Themeforest User"},{"rhea_testimonial_author":"Ronald J R","rhea_testimonial_text_strong":"Lorem ipsum dolor sit amet, consectetur adipiscing elit, sed do eiusmod tempor incididunt ut labore ets.","rhea_testimonial_text":"Lorem ipsum dolor sit amet, consectetur adipiscing elit, sed do eiusmod tempor incididunt ut labore et dores.","rhea_testimonial_author_thumb":{"id":"159","url":"https:\/\/ultra.realhomes.io\/wp-content\/uploads\/2022\/11\/agent-male-1-1.jpg"},"_id":"20ff143","rhea_testimonial_author_designation":"Themeforest User"},{"rhea_testimonial_author":"Mandy Caps","rhea_testimonial_text_strong":"Lorem ipsum dolor sit amet, consectetur adipiscing elit, sed do eiusmod tempor incididunt ut labore ets.","rhea_testimonial_text":"Lorem ipsum dolor sit amet, consectetur adipiscing elit, sed do eiusmod tempor incididunt ut labore et dores.","rhea_testimonial_author_thumb":{"id":"160","url":"https:\/\/ultra.realhomes.io\/wp-content\/uploads\/2022\/11\/agent-female-6.jpg"},"_id":"a4a58b2","rhea_testimonial_author_designation":"Themeforest User"}],"strong_text_typography_typography":"custom","strong_text_typography_font_size_mobile":{"unit":"px","size":"24","sizes":[]},"strong_text_typography_font_weight":"700","light_text_typography_typography":"custom","light_text_typography_font_size_mobile":{"unit":"px","size":"16","sizes":[]},"light_text_typography_font_weight":"400","_z_index":"99","strong_text_typography_font_size":{"unit":"px","size":"30","sizes":[]},"light_text_typography_font_size":{"unit":"px","size":"18","sizes":[]},"author_name_typography_typography":"custom","author_name_typography_font_size":{"unit":"px","size":"24","sizes":[]},"author_name_typography_font_weight":"500","author_designation_typography_typography":"custom","author_designation_typography_font_weight":"500","_padding":{"unit":"px","top":"0","right":"140","bottom":"0","left":"0","isLinked":""},"_padding_tablet_extra":{"unit":"px","top":"0","right":"0","bottom":"0","left":"0","isLinked":"1"}},"elements":[],"isInner":false,"widgetType":"inspiry-testimonial-ultra-widget","elType":"widget"},{"id":"43fcdf3d","settings":{"title":",","header_size":"div","align":"center","title_color":"#1DB2FF0F","typography_typography":"custom","typography_font_family":"Arial","typography_font_size":{"unit":"px","size":"362","sizes":[]},"typography_font_weight":"bold","typography_line_height":{"unit":"em","size":"0.9","sizes":[]},"_element_width":"auto","_position":"absolute","_offset_orientation_h":"end","_offset_x":{"size":"1068","unit":"px"},"_offset_orientation_v":"end","_offset_y":{"size":"257","unit":"px"},"_offset_y_end":{"unit":"px","size":"63","sizes":[]}},"elements":[],"isInner":false,"widgetType":"heading","elType":"widget"},{"id":"20614441","settings":{"space":{"unit":"px","size":"118","sizes":[]},"_background_background":"classic","_background_color":"#1DB2FF14","_mask_switch":"yes","_element_width":"initial","_element_custom_width":{"unit":"px","size":"126","sizes":[]},"_position":"absolute","_offset_orientation_h":"end","_offset_x":{"unit":"px","size":"878","sizes":[]},"_offset_x_end":{"unit":"px","size":"145.2","sizes":[]},"_offset_y":{"unit":"px","size":"65","sizes":[]}},"elements":[],"isInner":false,"widgetType":"spacer","elType":"widget"},{"id":"2596d545","settings":{"space":{"unit":"px","size":"38","sizes":[]},"_background_background":"classic","_background_color":"#1DB2FF","_border_radius":{"unit":"px","top":"5","right":"5","bottom":"5","left":"5","isLinked":"1"},"_element_width":"initial","_element_custom_width":{"unit":"px","size":"56","sizes":[]},"_position":"absolute","_offset_x":{"unit":"px","size":"42","sizes":[]},"_offset_orientation_v":"end","_offset_y":{"unit":"px","size":"225","sizes":[]},"_offset_y_end":{"unit":"px","size":"28","sizes":[]},"hide_mobile":"hidden-mobile"},"elements":[],"isInner":false,"widgetType":"spacer","elType":"widget"},{"id":"511106f9","settings":{"space":{"unit":"px","size":"85","sizes":[]},"_background_background":"classic","_background_color":"#1DB2FF0F","_border_radius":{"unit":"px","top":"5","right":"5","bottom":"5","left":"5","isLinked":"1"},"_element_width":"initial","_element_custom_width":{"unit":"px","size":"130","sizes":[]},"_position":"absolute","_offset_x":{"size":"225","unit":"px"},"_offset_y":{"unit":"px","size":"197","sizes":[]},"_offset_y_end":{"size":"28","unit":"px"}},"elements":[],"isInner":false,"widgetType":"spacer","elType":"widget"}],"isInner":"","elType":"column"}],"isInner":"","elType":"section"},{"id":"44f6e595","settings":{"layout":"full_width","stretch_section":"section-stretched","background_background":"classic","background_color":"#1DB2FF"},"elements":[{"id":"1e0d6ed5","settings":{"_column_size":"100","space_between_widgets":"0"},"elements":[{"id":"63666ef4","settings":{"space":{"unit":"px","size":"38","sizes":[]},"_background_background":"classic","_background_color":"#76D0FF","_border_radius":{"unit":"px","top":"5","right":"5","bottom":"5","left":"5","isLinked":"1"},"_element_width":"initial","_element_custom_width":{"unit":"px","size":"56","sizes":[]},"_position":"absolute","_offset_x":{"size":"140","unit":"px"},"_offset_y":{"unit":"px","size":"-20","sizes":[]},"_offset_y_end":{"size":"-12","unit":"px"}},"elements":[],"isInner":false,"widgetType":"spacer","elType":"widget"}],"isInner":"","elType":"column"}],"isInner":"","elType":"section"},{"id":"3b588bb1","settings":{"gap":"no","stretch_section":"section-stretched","background_background":"classic","background_color":"#1DB2FF","background_image":{"id":"161","url":"https:\/\/ultra.realhomes.io\/wp-content\/uploads\/2022\/11\/CTA-background.png"},"background_position":"bottom right","background_repeat":"no-repeat","padding":{"unit":"px","top":"85","right":"0","bottom":"110","left":"0","isLinked":""},"content_width":{"unit":"px","size":"1280","sizes":[]},"background_size_tablet":"initial","background_bg_width_tablet":{"unit":"px","size":"200","sizes":[]},"background_bg_width_mobile":{"unit":"px","size":"160","sizes":[]},"background_overlay_background":"classic","padding_tablet_extra":{"unit":"px","top":"100","right":"20","bottom":"100","left":"20","isLinked":""},"padding_laptop":{"unit":"px","top":"100","right":"20","bottom":"100","left":"20","isLinked":""},"padding_tablet":{"unit":"px","top":"80","right":"20","bottom":"80","left":"20","isLinked":""}},"elements":[{"id":"66ae3fed","settings":{"_column_size":"100"},"elements":[{"id":"31ad413f","settings":{"gap":"no","content_position":"middle","structure":"20","margin":{"unit":"px","top":"","right":"0","bottom":"","left":"0","isLinked":"1"},"layout":"full_width"},"elements":[{"id":"1d5bf30a","settings":{"_column_size":"50","_inline_size":"63.788","space_between_widgets":"0","_inline_size_tablet":"100","margin_tablet":{"unit":"px","top":"0","right":"0","bottom":"30","left":"0","isLinked":""},"margin_mobile_extra":{"unit":"px","top":"0","right":"0","bottom":"40","left":"0","isLinked":""},"margin_mobile":{"unit":"px","top":"0","right":"0","bottom":"40","left":"0","isLinked":""}},"elements":[{"id":"6f6f1978","settings":{"title":"Finding a perfect property\nhave never been this easy earlier","title_color":"#FFFFFF","typography_typography":"custom","typography_font_size":{"unit":"px","size":"42","sizes":[]},"typography_font_weight":"700","typography_line_height":{"unit":"em","size":"1.3","sizes":[]},"typography_font_size_mobile":{"unit":"px","size":"28","sizes":[]},"_margin_mobile":{"unit":"px","top":"0","right":"0","bottom":"20","left":"0","isLinked":""},"_margin":{"unit":"px","top":"0","right":"0","bottom":"30","left":"0","isLinked":""}},"elements":[],"isInner":false,"widgetType":"heading","elType":"widget"},{"id":"7dc6ab2","settings":{"title":"You can find perfectly suited properties for your all needs with ease.","header_size":"p","title_color":"#FFFFFF99","typography_typography":"custom","typography_font_size":{"unit":"px","size":"21","sizes":[]},"typography_line_height":{"unit":"em","size":"1.2","sizes":[]},"typography_font_size_mobile":{"unit":"px","size":"18","sizes":[]},"typography_font_weight":"400"},"elements":[],"isInner":false,"widgetType":"heading","elType":"widget"}],"isInner":"1","elType":"column"},{"id":"1cc3e1ea","settings":{"_column_size":"50","_inline_size":"36.212","_inline_size_tablet":"100"},"elements":[{"id":"54da18b7","settings":{"text":"Check Properties","align":"center","size":"lg","typography_typography":"custom","typography_font_size":{"unit":"px","size":"18","sizes":[]},"typography_font_weight":"700","typography_font_style":"normal","button_text_color":"#1DB2FF","background_color":"#FFFFFF","hover_color":"#FFFFFF","button_background_hover_color":"#FFFFFF00","button_hover_border_color":"#FDFDFD","border_border":"solid","border_width":{"unit":"px","top":"2","right":"2","bottom":"2","left":"2","isLinked":"1"},"border_color":"#FFFFFF","border_radius":{"unit":"px","top":"42","right":"42","bottom":"42","left":"42","isLinked":"1"},"_animation":"none","_mask_position":"center left","align_tablet":"left","link":{"url":"\/properties-list-layout\/","is_external":"","nofollow":"","custom_attributes":""}},"elements":[],"isInner":false,"widgetType":"button","elType":"widget"}],"isInner":"1","elType":"column"}],"isInner":"1","elType":"section"},{"id":"430dfe87","settings":{"text":"Divider","color":"#67CBFF","gap":{"unit":"px","size":"25","sizes":[]},"_margin":{"unit":"px","top":"35","right":"0","bottom":"0","left":"0","isLinked":""}},"elements":[],"isInner":false,"widgetType":"divider","elType":"widget"},{"id":"1d762a56","settings":{"structure":"20","layout":"full_width","gap":"no"},"elements":[{"id":"567b45a8","settings":{"_column_size":"50","space_between_widgets":"0","margin_mobile":{"unit":"px","top":"0","right":"0","bottom":"20","left":"0","isLinked":""}},"elements":[{"id":"bb992ba","settings":{"title":"Email","header_size":"span","title_color":"#FFFFFF99","typography_typography":"custom","typography_font_size":{"unit":"px","size":"18","sizes":[]},"typography_font_weight":"400","_margin":{"unit":"px","top":"0","right":"0","bottom":"0","left":"0","isLinked":""}},"elements":[],"isInner":false,"widgetType":"heading","elType":"widget"},{"id":"6eaa90db","settings":{"title":"hello@yoursite.com\u200b","header_size":"p","title_color":"#FFFDFD","typography_typography":"custom","typography_font_size":{"unit":"px","size":"30","sizes":[]},"typography_font_weight":"700","typography_line_height":{"unit":"px","size":"36","sizes":[]},"typography_line_height_tablet":{"unit":"px","size":"","sizes":[]},"typography_line_height_mobile":{"unit":"px","size":"","sizes":[]},"typography_font_size_mobile":{"unit":"px","size":"24","sizes":[]}},"elements":[],"isInner":false,"widgetType":"heading","elType":"widget"}],"isInner":"1","elType":"column"},{"id":"28c97ba4","settings":{"_column_size":"50","space_between_widgets":"0"},"elements":[{"id":"4211812e","settings":{"title":"Phone Number","header_size":"span","title_color":"#FFFFFF99","typography_typography":"custom","typography_font_size":{"unit":"px","size":"18","sizes":[]},"typography_font_weight":"400","_margin":{"unit":"px","top":"0","right":"0","bottom":"0","left":"0","isLinked":""}},"elements":[],"isInner":false,"widgetType":"heading","elType":"widget"},{"id":"21c7619c","settings":{"title":"+1 800 555 4321","header_size":"p","title_color":"#FFFDFD","typography_typography":"custom","typography_font_size":{"unit":"px","size":"30","sizes":[]},"typography_font_weight":"700","typography_line_height":{"unit":"px","size":"36","sizes":[]},"typography_line_height_tablet":{"unit":"px","size":"","sizes":[]},"typography_line_height_mobile":{"unit":"px","size":"","sizes":[]},"typography_font_size_mobile":{"unit":"px","size":"24","sizes":[]}},"elements":[],"isInner":false,"widgetType":"heading","elType":"widget"}],"isInner":"1","elType":"column"}],"isInner":"1","elType":"section"}],"isInner":"","elType":"column"}],"isInner":"","elType":"section"},{"id":"dd3dda8","settings":{"layout":"full_width","content_width":{"unit":"px","size":"1240","sizes":[]},"gap":"no","background_background":"gradient","background_color":"#FFFFFF","background_color_stop":{"unit":"%","size":"33","sizes":[]},"background_color_b":"#E7F6FD","background_color_b_stop":{"unit":"%","size":"25","sizes":[]},"background_gradient_angle":{"unit":"deg","size":"90","sizes":[]},"padding":{"unit":"px","top":"70","right":"0","bottom":"70","left":"0","isLinked":""},"padding_mobile":{"unit":"px","top":"80","right":"0","bottom":"80","left":"0","isLinked":""},"overflow":"hidden"},"elements":[{"id":"523c20a","settings":{"_column_size":"100"},"elements":[{"id":"6d9c3447","settings":{"content_width":{"unit":"px","size":"1300","sizes":[]},"content_position":"middle","structure":"20","margin":{"unit":"px","top":"0","right":"0","bottom":"40","left":"0","isLinked":""},"padding_laptop":{"unit":"px","top":"0","right":"10","bottom":"0","left":"10","isLinked":""}},"elements":[{"id":"aba78c9","settings":{"_column_size":"50","_inline_size_mobile":"60"},"elements":[{"id":"6ef175a1","settings":{"title":"Meet Our Agents","title_color":"#1A1A1A","typography_typography":"custom","typography_font_family":"DM Sans","typography_font_size":{"unit":"px","size":"30","sizes":[]},"typography_font_weight":"700","typography_line_height_tablet":{"unit":"px","size":"","sizes":[]},"typography_line_height_mobile":{"unit":"px","size":"","sizes":[]},"_margin":{"unit":"px","top":"0","right":"0","bottom":"0","left":"0","isLinked":""},"typography_font_size_mobile":{"unit":"px","size":"21","sizes":[]}},"elements":[],"isInner":false,"widgetType":"heading","elType":"widget"}],"isInner":"1","elType":"column"},{"id":"333f14b3","settings":{"_column_size":"50","_inline_size_mobile":"40"},"elements":[{"id":"97296a7","settings":{"text":"View All","align":"right","size":"md","typography_typography":"custom","typography_font_size":{"unit":"px","size":"18","sizes":[]},"typography_font_weight":"500","typography_font_style":"normal","button_text_color":"#FFFFFF","background_color":"#1DB2FF","hover_color":"#1DB2FF","button_background_hover_color":"#1DB2FF00","button_hover_border_color":"#1DB2FF","border_border":"solid","border_width":{"unit":"px","top":"2","right":"2","bottom":"2","left":"2","isLinked":"1"},"border_color":"#1DB2FF","border_radius":{"unit":"px","top":"42","right":"42","bottom":"42","left":"42","isLinked":"1"},"_animation":"none","_mask_position":"center left","align_tablet":"right","text_padding_mobile":{"unit":"px","top":"15","right":"15","bottom":"15","left":"15","isLinked":""},"text_padding":{"unit":"px","top":"13","right":"40","bottom":"13","left":"40","isLinked":""},"link":{"url":"\/agents\/","is_external":"","nofollow":"","custom_attributes":""}},"elements":[],"isInner":false,"widgetType":"button","elType":"widget"}],"isInner":"1","elType":"column"}],"isInner":"1","elType":"section"},{"id":"78ab182f","settings":{"gap":"no","padding_tablet":{"unit":"px","top":"0","right":"20","bottom":"0","left":"20","isLinked":""},"content_width":{"unit":"px","size":"1300","sizes":[]},"padding_laptop":{"unit":"px","top":"0","right":"20","bottom":"0","left":"20","isLinked":""}},"elements":[{"id":"38e79805","settings":{"_column_size":"100","_inline_size_tablet":"100","_inline_size_laptop":"100"},"elements":[{"id":"403e00e3","settings":{"rhea_agent":[{"_id":"27d4745","rhea_select_agent":"48","featured_images":[{"id":"162","url":"https:\/\/ultra.realhomes.io\/wp-content\/uploads\/2022\/11\/collov-home-design-i78VpqDGDSc-unsplash.jpg"},{"id":"154","url":"https:\/\/ultra.realhomes.io\/wp-content\/uploads\/2022\/11\/spacejoy-4xRP0Ajk9ys-unsplash.jpg"},{"id":"163","url":"https:\/\/ultra.realhomes.io\/wp-content\/uploads\/2022\/11\/living-room-gbb61c6983_1920.jpg"}],"rhea_agent_title":"Jhon David"},{"rhea_select_agent":"51","featured_images":[{"id":"163","url":"https:\/\/ultra.realhomes.io\/wp-content\/uploads\/2022\/11\/living-room-gbb61c6983_1920.jpg"},{"id":"154","url":"https:\/\/ultra.realhomes.io\/wp-content\/uploads\/2022\/11\/spacejoy-4xRP0Ajk9ys-unsplash.jpg"},{"id":"162","url":"https:\/\/ultra.realhomes.io\/wp-content\/uploads\/2022\/11\/collov-home-design-i78VpqDGDSc-unsplash.jpg"}],"_id":"cfcaacb","rhea_agent_title":"Agent Brian"},{"_id":"1d6a85e","rhea_select_agent":"54","featured_images":[{"id":"164","url":"https:\/\/ultra.realhomes.io\/wp-content\/uploads\/2022\/11\/spacejoy-RqO6kwm4tZY-unsplash-1.jpg"},{"id":"165","url":"https:\/\/ultra.realhomes.io\/wp-content\/uploads\/2022\/11\/collov-home-design-wyBKACF3EFs-unsplash.jpg"},{"id":"162","url":"https:\/\/ultra.realhomes.io\/wp-content\/uploads\/2022\/11\/collov-home-design-i78VpqDGDSc-unsplash.jpg"}],"rhea_agent_title":"Melissa William"},{"_id":"2dc3f5f","rhea_select_agent":"57","featured_images":[{"id":"162","url":"https:\/\/ultra.realhomes.io\/wp-content\/uploads\/2022\/11\/collov-home-design-i78VpqDGDSc-unsplash.jpg"},{"id":"163","url":"https:\/\/ultra.realhomes.io\/wp-content\/uploads\/2022\/11\/living-room-gbb61c6983_1920.jpg"},{"id":"164","url":"https:\/\/ultra.realhomes.io\/wp-content\/uploads\/2022\/11\/spacejoy-RqO6kwm4tZY-unsplash-1.jpg"}],"rhea_agent_title":"Nathan James"}],"view-profile-text":"View Profile","listed-properties-single-text":"Listed Property","listed-properties-text":"Listed Properties","slider_nav_margin_top_tablet":{"unit":"px","size":"0","sizes":[]},"agent_title_typography_typography":"custom","agent_title_typography_font_weight":"700","agent_agency_typography_typography":"custom","agent_agency_typography_font_weight":"400","agent_profile_button_typography_typography":"custom","agent_profile_button_typography_font_weight":"700","agent_listed_label_typography_typography":"custom","agent_listed_label_typography_font_weight":"700","_margin":{"unit":"em","top":"0","right":"-46","bottom":"0","left":"0","isLinked":""},"_margin_widescreen":{"unit":"em","top":"","right":"","bottom":"","left":"","isLinked":"1"},"_margin_laptop":{"unit":"em","top":"0","right":"0","bottom":"0","left":"0","isLinked":"1"},"_margin_tablet_extra":{"unit":"em","top":"","right":"","bottom":"","left":"","isLinked":"1"},"_margin_tablet":{"unit":"em","top":"","right":"","bottom":"","left":"","isLinked":"1"},"_margin_mobile_extra":{"unit":"em","top":"","right":"","bottom":"","left":"","isLinked":"1"},"_margin_mobile":{"unit":"em","top":"","right":"","bottom":"","left":"","isLinked":"1"},"slider_nav_margin_top_laptop":{"unit":"px","size":"0","sizes":[]},"slider_nav_margin_top_tablet_extra":{"unit":"px","size":"0","sizes":[]}},"elements":[],"isInner":false,"widgetType":"rhea-ultra-agents-widget","elType":"widget"},{"id":"23d177b1","settings":{"space":{"unit":"px","size":"85","sizes":[]},"_background_background":"classic","_background_color":"#FFFFFF","_border_radius":{"unit":"px","top":"5","right":"5","bottom":"5","left":"5","isLinked":"1"},"_element_width":"initial","_element_custom_width":{"unit":"px","size":"130","sizes":[]},"_position":"absolute","_offset_x":{"size":"57","unit":"%"},"_offset_y":{"unit":"px","size":"92","sizes":[]},"_offset_y_end":{"size":"44","unit":"px"},"_z_index":"0","_offset_orientation_v":"end","_offset_x_mobile_extra":{"unit":"px","size":"476","sizes":[]},"_offset_y_end_mobile_extra":{"unit":"px","size":"35","sizes":[]}},"elements":[],"isInner":false,"widgetType":"spacer","elType":"widget"},{"id":"6b776c23","settings":{"space":{"unit":"px","size":"85","sizes":[]},"_background_background":"classic","_background_color":"#F3FBFE00","_border_radius":{"unit":"px","top":"10","right":"10","bottom":"10","left":"10","isLinked":"1"},"_element_width":"initial","_element_custom_width":{"unit":"px","size":"130","sizes":[]},"_position":"absolute","_offset_x":{"size":"72","unit":"%"},"_offset_y":{"unit":"px","size":"92","sizes":[]},"_offset_y_end":{"size":"-38","unit":"px"},"_z_index":"0","_offset_orientation_v":"end","_border_border":"solid","_border_width":{"unit":"px","top":"2","right":"2","bottom":"2","left":"2","isLinked":"1"},"_border_color":"#BAE8FF"},"elements":[],"isInner":false,"widgetType":"spacer","elType":"widget"},{"id":"17867506","settings":{"space":{"unit":"px","size":"160","sizes":[]},"_css_classes":"rhea-ultra-dots-class","_background_background":"gradient","_background_color":"#BAE8FF","_background_color_stop":{"unit":"%","size":"20","sizes":[]},"_background_color_b":"#F2295B00","_background_color_b_stop":{"unit":"%","size":"20","sizes":[]},"_background_gradient_type":"radial","_element_width":"initial","_element_custom_width":{"unit":"px","size":"250","sizes":[]},"_z_index":"0","_position":"absolute","_offset_x":{"size":"43.394","unit":"%"},"_offset_orientation_v":"end","_offset_y_end":{"size":"-6","unit":"px"},"_offset_x_mobile_extra":{"unit":"px","size":"576","sizes":[]}},"elements":[],"isInner":false,"widgetType":"spacer","elType":"widget"},{"id":"56686065","settings":{"space":{"unit":"px","size":"38","sizes":[]},"_background_background":"classic","_background_color":"#1DB2FF","_border_radius":{"unit":"px","top":"5","right":"5","bottom":"5","left":"5","isLinked":"1"},"_element_width":"initial","_element_custom_width":{"unit":"px","size":"56","sizes":[]},"_position":"absolute","_offset_x":{"size":"53","unit":"%"},"_offset_orientation_v":"end","_offset_y":{"unit":"px","size":"225","sizes":[]},"_offset_y_end":{"size":"-50","unit":"px"},"_offset_x_end":{"unit":"%","size":"","sizes":[]}},"elements":[],"isInner":false,"widgetType":"spacer","elType":"widget"}],"isInner":"1","elType":"column"}],"isInner":"1","elType":"section"}],"isInner":"","elType":"column"}],"isInner":"","elType":"section"},{"id":"13ebda70","settings":{"content_width":{"unit":"px","size":"1300","sizes":[]},"margin":{"unit":"px","top":"145","right":"0","bottom":"25","left":"0","isLinked":""},"padding_laptop":{"unit":"px","top":"0","right":"20","bottom":"0","left":"20","isLinked":""},"margin_tablet_extra":{"unit":"px","top":"80","right":"0","bottom":"25","left":"0","isLinked":""},"padding_tablet":{"unit":"px","top":"0","right":"10","bottom":"0","left":"10","isLinked":""}},"elements":[{"id":"2e2efc1b","settings":{"_column_size":"100","space_between_widgets":"10"},"elements":[{"id":"2a9a8638","settings":{"title":"Discover Properties","title_color":"#1A1A1A","typography_typography":"custom","typography_font_family":"DM Sans","typography_font_size":{"unit":"px","size":"30","sizes":[]},"typography_font_weight":"700","typography_line_height_tablet":{"unit":"px","size":"","sizes":[]},"typography_line_height_mobile":{"unit":"px","size":"","sizes":[]},"_margin":{"unit":"px","top":"0","right":"0","bottom":"0","left":"0","isLinked":""}},"elements":[],"isInner":false,"widgetType":"heading","elType":"widget"},{"id":"62d468a8","settings":{"title":"Find Properties In Your Favourite Cities","header_size":"p","title_color":"#808080","typography_typography":"custom","typography_font_family":"DM Sans","typography_font_size":{"unit":"px","size":"16","sizes":[]},"typography_font_weight":"400"},"elements":[],"isInner":false,"widgetType":"heading","elType":"widget"}],"isInner":"","elType":"column"}],"isInner":"","elType":"section"},{"id":"4d4ccbba","settings":{"content_width":{"unit":"px","size":"1320","sizes":[]},"structure":"40","margin":{"unit":"px","top":"0","right":"0","bottom":"100","left":"0","isLinked":""},"padding_laptop":{"unit":"px","top":"0","right":"10","bottom":"0","left":"10","isLinked":""},"gap":"custom","gap_columns_custom":{"unit":"px","size":"20","sizes":[]},"gap_columns_custom_tablet":{"unit":"px","size":"10","sizes":[]}},"elements":[{"id":"1303d341","settings":{"_column_size":"25","_inline_size_tablet":"50","margin_tablet":{"unit":"px","top":"0","right":"0","bottom":"40","left":"0","isLinked":""}},"elements":[{"id":"f98fbbe","settings":{"rhea_property_location_select":"miami","image":{"id":"166","url":"https:\/\/ultra.realhomes.io\/wp-content\/uploads\/2022\/11\/Untitled-3.jpg"},"rhea_properties_view_all":"View All","rhea_properties_label":"Properties","rhea_min_height":{"unit":"px","size":"430","sizes":[]},"property_city_name_typography_typography":"custom","property_city_name_typography_font_weight":"700","property_counter_typography_typography":"custom","property_counter_typography_font_weight":"700","property_properties_label_typography_typography":"custom","property_properties_label_typography_font_weight":"400","property_view_all_typography_typography":"custom","property_view_all_typography_font_size":{"unit":"px","size":"15","sizes":[]},"property_view_all_typography_font_weight":"500"},"elements":[],"isInner":false,"widgetType":"rhea-ultra-city","elType":"widget"}],"isInner":"","elType":"column"},{"id":"53d8b257","settings":{"_column_size":"25","_inline_size_tablet":"50","margin_tablet":{"unit":"px","top":"0","right":"0","bottom":"40","left":"0","isLinked":""}},"elements":[{"id":"23264657","settings":{"rhea_property_location_select":"coral-gables","image":{"id":"167","url":"https:\/\/ultra.realhomes.io\/wp-content\/uploads\/2022\/11\/blog-image-3-1.jpg"},"rhea_properties_view_all":"View All","rhea_properties_label":"Properties","rhea_min_height":{"unit":"px","size":"430","sizes":[]},"property_city_name_typography_typography":"custom","property_city_name_typography_font_weight":"700","property_counter_typography_typography":"custom","property_counter_typography_font_weight":"700","property_properties_label_typography_typography":"custom","property_properties_label_typography_font_weight":"400","property_view_all_typography_typography":"custom","property_view_all_typography_font_weight":"500"},"elements":[],"isInner":false,"widgetType":"rhea-ultra-city","elType":"widget"}],"isInner":"","elType":"column"},{"id":"6269533a","settings":{"_column_size":"25","_inline_size_tablet":"50","margin_mobile":{"unit":"px","top":"0","right":"0","bottom":"40","left":"0","isLinked":""}},"elements":[{"id":"5751a889","settings":{"rhea_property_location_select":"doral","image":{"id":"168","url":"https:\/\/ultra.realhomes.io\/wp-content\/uploads\/2022\/11\/chicago-final.jpg"},"rhea_properties_view_all":"View All","rhea_properties_label":"Properties","rhea_min_height":{"unit":"px","size":"430","sizes":[]},"property_city_name_typography_typography":"custom","property_city_name_typography_font_weight":"700","property_counter_typography_typography":"custom","property_counter_typography_font_weight":"700","property_properties_label_typography_typography":"custom","property_properties_label_typography_font_weight":"400","property_view_all_typography_typography":"custom","property_view_all_typography_font_weight":"500"},"elements":[],"isInner":false,"widgetType":"rhea-ultra-city","elType":"widget"}],"isInner":"","elType":"column"},{"id":"45e5fc77","settings":{"_column_size":"25","_inline_size_tablet":"50"},"elements":[{"id":"1af279d","settings":{"rhea_property_location_select":"little-havana","image":{"id":"164","url":"https:\/\/ultra.realhomes.io\/wp-content\/uploads\/2022\/11\/spacejoy-RqO6kwm4tZY-unsplash-1.jpg"},"rhea_properties_view_all":"View All","rhea_properties_label":"Properties","rhea_min_height":{"unit":"px","size":"430","sizes":[]},"property_city_name_typography_typography":"custom","property_city_name_typography_font_weight":"700","property_counter_typography_typography":"custom","property_counter_typography_font_weight":"700","property_properties_label_typography_typography":"custom","property_properties_label_typography_font_weight":"400","property_view_all_typography_typography":"custom","property_view_all_typography_font_weight":"500"},"elements":[],"isInner":false,"widgetType":"rhea-ultra-city","elType":"widget"}],"isInner":"","elType":"column"}],"isInner":"","elType":"section"},{"id":"54ec2989","settings":{"content_width":{"unit":"px","size":"1300","sizes":[]},"margin":{"unit":"px","top":"180","right":"0","bottom":"35","left":"0","isLinked":""},"padding_laptop":{"unit":"px","top":"0","right":"10","bottom":"0","left":"10","isLinked":""},"margin_tablet_extra":{"unit":"px","top":"80","right":"0","bottom":"25","left":"0","isLinked":""}},"elements":[{"id":"3630ec57","settings":{"_column_size":"100","space_between_widgets":"10"},"elements":[{"id":"2ad2b4c7","settings":{"title":"Latest News &amp; Update","title_color":"#1A1A1A","typography_typography":"custom","typography_font_family":"DM Sans","typography_font_size":{"unit":"px","size":"30","sizes":[]},"typography_font_weight":"bold","typography_line_height_tablet":{"unit":"px","size":"","sizes":[]},"typography_line_height_mobile":{"unit":"px","size":"","sizes":[]},"_margin":{"unit":"px","top":"0","right":"0","bottom":"0","left":"0","isLinked":""}},"elements":[],"isInner":false,"widgetType":"heading","elType":"widget"},{"id":"742fa3e4","settings":{"title":"Latest News About Real Estate","header_size":"p","title_color":"#808080","typography_typography":"custom","typography_font_family":"DM Sans","typography_font_size":{"unit":"px","size":"16","sizes":[]},"typography_font_weight":"400"},"elements":[],"isInner":false,"widgetType":"heading","elType":"widget"}],"isInner":"","elType":"column"}],"isInner":"","elType":"section"},{"id":"2d8ddc27","settings":{"content_width":{"unit":"px","size":"1300","sizes":[]},"padding":{"unit":"px","top":"0","right":"0","bottom":"0","left":"0","isLinked":""},"padding_laptop":{"unit":"px","top":"0","right":"10","bottom":"0","left":"10","isLinked":""}},"elements":[{"id":"163408a5","settings":{"_column_size":"100"},"elements":[{"id":"7050867e","settings":{"by-label":"By","ere_news_grid_thumb_sizes":"property-thumb-image","posts_per_page":"4","news_heading_typography_typography":"custom","news_heading_typography_font_weight":"700","news_date_typography_typography":"custom","news_date_typography_font_weight":"500","news_catagory_typography_typography":"custom","news_catagory_typography_font_weight":"500","news_by_typography_typography":"custom","news_by_typography_font_weight":"400","news_author_typography_typography":"custom","news_author_typography_font_weight":"500"},"elements":[],"isInner":false,"widgetType":"rhea-ultra-news","elType":"widget"}],"isInner":"","elType":"column"}],"isInner":"","elType":"section"},{"id":"7f3412e5","settings":{"content_width":{"unit":"px","size":"1300","sizes":[]},"margin":{"unit":"px","top":"60","right":"0","bottom":"35","left":"0","isLinked":""},"padding_laptop":{"unit":"px","top":"0","right":"10","bottom":"0","left":"10","isLinked":""},"margin_tablet_extra":{"unit":"px","top":"80","right":"0","bottom":"25","left":"0","isLinked":""}},"elements":[{"id":"508050e0","settings":{"_column_size":"100","space_between_widgets":"10"},"elements":[{"id":"548a4575","settings":{"title":"Partners of RealHomes","title_color":"#1A1A1A","typography_typography":"custom","typography_font_family":"DM Sans","typography_font_size":{"unit":"px","size":"30","sizes":[]},"typography_font_weight":"bold","typography_line_height_tablet":{"unit":"px","size":"","sizes":[]},"typography_line_height_mobile":{"unit":"px","size":"","sizes":[]},"_margin":{"unit":"px","top":"0","right":"0","bottom":"0","left":"0","isLinked":""}},"elements":[],"isInner":false,"widgetType":"heading","elType":"widget"},{"id":"6cd07f3c","settings":{"title":"We are pleased to work with our partners","header_size":"p","title_color":"#808080","typography_typography":"custom","typography_font_family":"DM Sans","typography_font_size":{"unit":"px","size":"16","sizes":[]},"typography_font_weight":"400"},"elements":[],"isInner":false,"widgetType":"heading","elType":"widget"}],"isInner":"","elType":"column"}],"isInner":"","elType":"section"},{"id":"5c2cf6f5","settings":{"content_width":{"unit":"px","size":"1315","sizes":[]},"structure":"50","margin":{"unit":"px","top":"0","right":"0","bottom":"110","left":"0","isLinked":""},"padding_laptop":{"unit":"px","top":"0","right":"10","bottom":"0","left":"10","isLinked":""},"margin_tablet":{"unit":"px","top":"0","right":"0","bottom":"80","left":"0","isLinked":""}},"elements":[{"id":"204e4303","settings":{"_column_size":"20","background_background":"classic","background_color":"#FFFFFF","border_border":"solid","border_width":{"unit":"px","top":"2","right":"2","bottom":"2","left":"2","isLinked":"1"},"border_color":"#FFFFFF","border_radius":{"unit":"px","top":"10","right":"10","bottom":"10","left":"10","isLinked":"1"},"box_shadow_box_shadow_type":"yes","box_shadow_box_shadow":{"horizontal":"0","vertical":"0","blur":"7","spread":"-2","color":"rgba(0, 0, 0, 0.2)"},"border_hover_border":"solid","border_hover_color":"#1DB2FF","margin":{"unit":"px","top":"15","right":"15","bottom":"15","left":"15","isLinked":"1"},"padding":{"unit":"px","top":"25","right":"10","bottom":"25","left":"10","isLinked":""}},"elements":[{"id":"b0142e5","settings":{"image":{"id":"129","url":"https:\/\/ultra.realhomes.io\/wp-content\/uploads\/2020\/06\/AA-Builders.png","alt":"","source":"library"},"image_border_radius":{"unit":"px","top":"0","right":"0","bottom":"0","left":"0","isLinked":""},"_padding":{"unit":"px","top":"","right":"","bottom":"","left":"","isLinked":""}},"elements":[],"isInner":false,"widgetType":"image","elType":"widget"}],"isInner":"","elType":"column"},{"id":"198c0c6f","settings":{"_column_size":"20","background_background":"classic","background_color":"#FFFFFF","border_border":"solid","border_width":{"unit":"px","top":"2","right":"2","bottom":"2","left":"2","isLinked":"1"},"border_color":"#FFFFFF","border_radius":{"unit":"px","top":"10","right":"10","bottom":"10","left":"10","isLinked":"1"},"box_shadow_box_shadow_type":"yes","box_shadow_box_shadow":{"horizontal":"0","vertical":"0","blur":"7","spread":"-2","color":"rgba(0, 0, 0, 0.2)"},"border_hover_border":"solid","border_hover_color":"#1DB2FF","margin":{"unit":"px","top":"15","right":"15","bottom":"15","left":"15","isLinked":"1"},"padding":{"unit":"px","top":"25","right":"10","bottom":"25","left":"10","isLinked":""}},"elements":[{"id":"334a59d4","settings":{"image":{"id":"126","url":"https:\/\/ultra.realhomes.io\/wp-content\/uploads\/2020\/06\/Ironwood-Apartments.png","alt":"","source":"library"},"image_border_radius":{"unit":"px","top":"0","right":"0","bottom":"0","left":"0","isLinked":""},"_padding":{"unit":"px","top":"","right":"","bottom":"","left":"","isLinked":""}},"elements":[],"isInner":false,"widgetType":"image","elType":"widget"}],"isInner":"","elType":"column"},{"id":"422b3c7a","settings":{"_column_size":"20","background_background":"classic","background_color":"#FFFFFF","border_border":"solid","border_width":{"unit":"px","top":"2","right":"2","bottom":"2","left":"2","isLinked":"1"},"border_color":"#FFFFFF","border_radius":{"unit":"px","top":"10","right":"10","bottom":"10","left":"10","isLinked":"1"},"box_shadow_box_shadow_type":"yes","box_shadow_box_shadow":{"horizontal":"0","vertical":"0","blur":"7","spread":"-2","color":"rgba(0, 0, 0, 0.2)"},"border_hover_border":"solid","border_hover_color":"#1DB2FF","margin":{"unit":"px","top":"15","right":"15","bottom":"15","left":"15","isLinked":"1"},"padding":{"unit":"px","top":"25","right":"10","bottom":"25","left":"10","isLinked":""}},"elements":[{"id":"233412","settings":{"image":{"id":"127","url":"https:\/\/ultra.realhomes.io\/wp-content\/uploads\/2020\/06\/Rosewood-Homes.png","alt":"","source":"library"},"image_border_radius":{"unit":"px","top":"0","right":"0","bottom":"0","left":"0","isLinked":""},"_padding":{"unit":"px","top":"","right":"","bottom":"","left":"","isLinked":""}},"elements":[],"isInner":false,"widgetType":"image","elType":"widget"}],"isInner":"","elType":"column"},{"id":"3b24bd84","settings":{"_column_size":"20","background_background":"classic","background_color":"#FFFFFF","border_border":"solid","border_width":{"unit":"px","top":"2","right":"2","bottom":"2","left":"2","isLinked":"1"},"border_color":"#FFFFFF","border_radius":{"unit":"px","top":"10","right":"10","bottom":"10","left":"10","isLinked":"1"},"box_shadow_box_shadow_type":"yes","box_shadow_box_shadow":{"horizontal":"0","vertical":"0","blur":"7","spread":"-2","color":"rgba(0, 0, 0, 0.2)"},"border_hover_border":"solid","border_hover_color":"#1DB2FF","margin":{"unit":"px","top":"15","right":"15","bottom":"15","left":"15","isLinked":"1"},"padding":{"unit":"px","top":"25","right":"10","bottom":"25","left":"10","isLinked":""}},"elements":[{"id":"265d7c4a","settings":{"image":{"id":"128","url":"https:\/\/ultra.realhomes.io\/wp-content\/uploads\/2020\/06\/The-Capital.png","alt":"","source":"library"},"image_border_radius":{"unit":"px","top":"0","right":"0","bottom":"0","left":"0","isLinked":""},"_padding":{"unit":"px","top":"","right":"","bottom":"","left":"","isLinked":""}},"elements":[],"isInner":false,"widgetType":"image","elType":"widget"}],"isInner":"","elType":"column"},{"id":"48cd158e","settings":{"_column_size":"20","background_background":"classic","background_color":"#FFFFFF","border_border":"solid","border_width":{"unit":"px","top":"2","right":"2","bottom":"2","left":"2","isLinked":"1"},"border_color":"#FFFFFF","border_radius":{"unit":"px","top":"10","right":"10","bottom":"10","left":"10","isLinked":"1"},"box_shadow_box_shadow_type":"yes","box_shadow_box_shadow":{"horizontal":"0","vertical":"0","blur":"7","spread":"-2","color":"rgba(0, 0, 0, 0.2)"},"border_hover_border":"solid","border_hover_color":"#1DB2FF","margin":{"unit":"px","top":"15","right":"15","bottom":"15","left":"15","isLinked":"1"},"padding":{"unit":"px","top":"25","right":"10","bottom":"25","left":"10","isLinked":""}},"elements":[{"id":"43d03282","settings":{"image":{"id":"125","url":"https:\/\/ultra.realhomes.io\/wp-content\/uploads\/2020\/06\/Adobe-Homes.png","alt":"","source":"library"},"image_border_radius":{"unit":"px","top":"0","right":"0","bottom":"0","left":"0","isLinked":""},"_padding":{"unit":"px","top":"","right":"","bottom":"","left":"","isLinked":""}},"elements":[],"isInner":false,"widgetType":"image","elType":"widget"}],"isInner":"","elType":"column"}],"isInner":"","elType":"section"}],"page_settings":[],"version":"0.4","title":"Elementor Homepage Ultra","type":"page"}