{"content":[{"id":"1669e4c","settings":{"content_width":{"unit":"px","size":1320,"sizes":[]}},"elements":[{"id":"14df61f3","settings":{"_column_size":100,"_inline_size":null},"elements":[{"id":"4ff8ec9f","settings":{"ere_property_featured_label":"Featured","property_fav_label":"Add To Favourite","property_fav_added_label":"Added To Favourite","ere_property_compare_label":"Add To Compare","ere_property_compare_added_label":"Added To Compare","ere_property_print_label":"Print","ere_property_share_label":"Share","ere_property_photos_label":"Photos"},"elements":[],"isInner":false,"widgetType":"rhea-ultra-single-property-slider","elType":"widget"}],"isInner":false,"elType":"column"}],"isInner":false,"elType":"section"},{"id":"1ab5d8b2","settings":{"content_width":{"unit":"px","size":1320,"sizes":[]},"structure":"22","gap_columns_custom":{"unit":"px","size":40,"sizes":[]}},"elements":[{"id":"5897ed84","settings":{"_column_size":66,"_inline_size":null,"_inline_size_tablet":100,"_inline_size_mobile_extra":100,"padding":{"unit":"px","top":"0","right":"20","bottom":"0","left":"10","isLinked":false},"padding_tablet":{"unit":"px","top":"10","right":"10","bottom":"10","left":"10","isLinked":true}},"elements":[{"id":"35380aca","settings":{"section_title":"Overview","property_id_label":"Property ID :","section_title_typography_font_size":{"unit":"px","size":28,"sizes":[]},"section_title_typography_font_weight":"500"},"elements":[],"isInner":false,"widgetType":"rhea-ultra-single-property-meta-icons","elType":"widget"},{"id":"2914a4d6","settings":{"section_title":"Additional Details"},"elements":[],"isInner":false,"widgetType":"rhea-ultra-single-property-additional-details","elType":"widget"},{"id":"18c46dda","settings":{"section_title":"Features"},"elements":[],"isInner":false,"widgetType":"rhea-ultra-single-property-features","elType":"widget"},{"id":"26869868","settings":{"section_title":"Property Attachments"},"elements":[],"isInner":false,"widgetType":"rhea-ultra-single-property-attachments","elType":"widget"},{"id":"35c8d83d","settings":{"section_title":"Floor Plans"},"elements":[],"isInner":false,"widgetType":"rhea-ultra-single-property-floor-plans","elType":"widget"},{"id":"7e0143af","settings":{"section_title":"Property Videos"},"elements":[],"isInner":false,"widgetType":"rhea-ultra-single-property-video","elType":"widget"},{"id":"6e5544b9","settings":{"section_title":"Property Tour"},"elements":[],"isInner":false,"widgetType":"rhea-ultra-single-property-virtual-tour","elType":"widget"},{"id":"1d784e3","settings":{"section_title":"Property on Map"},"elements":[],"isInner":false,"widgetType":"rhea-ultra-single-property-map","elType":"widget"},{"id":"4950db7d","settings":{"section_title":"Walkscore"},"elements":[],"isInner":false,"widgetType":"rhea-ultra-single-property-walk-score","elType":"widget"},{"id":"d01a2cd","settings":{"section_title":"Nearby Places"},"elements":[],"isInner":false,"widgetType":"rhea-ultra-single-property-nearby-places","elType":"widget"},{"id":"3fc8a72d","settings":{"section_title":"Energy Performance"},"elements":[],"isInner":false,"widgetType":"rhea-ultra-single-property-energy-performance","elType":"widget"},{"id":"3f26f57","settings":{"section_title":"Mortgage Calculator"},"elements":[],"isInner":false,"widgetType":"rhea-ultra-single-property-mortgage-calculator","elType":"widget"},{"id":"369f8e9","settings":{"section_title":"Property Views"},"elements":[],"isInner":false,"widgetType":"rhea-ultra-single-property-analytics","elType":"widget"},{"id":"2cd6b7aa","settings":{"sta_date_label":"Select Date","sta_in_person_label":"In Person","sta_video_chat_label":"Video Chat","sta_name_label":"Your Name","sta_phone_label":"Your Phone","sta_email_label":"Your Email","sta_message_label":"Message","sta_schedule_label":"Schedule","section_title":"Schedule A Tour"},"elements":[],"isInner":false,"widgetType":"rhea-ultra-single-property-schedule-tour","elType":"widget"},{"id":"243dfbf8","settings":[],"elements":[],"isInner":false,"widgetType":"rhea-ultra-single-property-comments","elType":"widget"}],"isInner":false,"elType":"column"},{"id":"4a1a0279","settings":{"_column_size":33,"_inline_size":null,"css_classes":"rh-sidebar","_inline_size_tablet":100,"_inline_size_mobile_extra":100,"_inline_size_tablet_extra":35,"padding":{"unit":"px","top":"0","right":"10","bottom":"0","left":"20","isLinked":false},"padding_tablet":{"unit":"px","top":"10","right":"10","bottom":"10","left":"10","isLinked":true}},"elements":[{"id":"4f6b3adc","settings":{"sidebar":"property-sidebar"},"elements":[],"isInner":false,"widgetType":"sidebar","elType":"widget"}],"isInner":false,"elType":"column"}],"isInner":false,"elType":"section"},{"id":"2c0e2307","settings":{"content_width":{"unit":"px","size":1320,"sizes":[]}},"elements":[{"id":"4a2dc5fb","settings":{"_column_size":100,"_inline_size":null},"elements":[{"id":"4e220e37","settings":{"section_title":"Similar Properties"},"elements":[],"isInner":false,"widgetType":"rhea-ultra-single-property-similar-properties","elType":"widget"}],"isInner":false,"elType":"column"}],"isInner":false,"elType":"section"}],"page_settings":[],"version":"0.4","title":"Elementor Single Property","type":"page"}